{
    "sites": {
        "Facebook": "https://www.facebook.com/{}",
        "Twitter": "https://twitter.com/{}",
        "Instagram": "https://www.instagram.com/{}/",
        "TikTok": "https://www.tiktok.com/@{}",
        "YouTube": "https://www.youtube.com/@{}",
        "GitHub": "https://github.com/{}",
        "Reddit": "https://www.reddit.com/user/{}",
        "Pinterest": "https://www.pinterest.com/{}/",
        "Tumblr": "https://{}.tumblr.com",
        "Spotify": "https://open.spotify.com/user/{}",
        "Steam": "https://steamcommunity.com/id/{}",
        "Twitch": "https://www.twitch.tv/{}",
        "Vimeo": "https://vimeo.com/{}",
        "SoundCloud": "https://soundcloud.com/{}",
        "Medium": "https://medium.com/@{}",
        "About.me": "https://about.me/{}",
        "Flipboard": "https://flipboard.com/@{}",
        "DeviantArt": "https://www.deviantart.com/{}",
        "Patreon": "https://www.patreon.com/{}",
        "GitLab": "https://gitlab.com/{}",
        "Freelancer": "https://www.freelancer.com/u/{}",
        "GoodReads": "https://www.goodreads.com/{}",
        "Instructables": "https://www.instructables.com/member/{}",
        "Keybase": "https://keybase.io/{}",
        "Kongregate": "https://www.kongregate.com/accounts/{}",
        "LiveJournal": "https://{}.livejournal.com",
        "AngelList": "https://angel.co/{}",
        "Last.fm": "https://www.last.fm/user/{}",
        "Dribbble": "https://dribbble.com/{}",
        "Behance": "https://www.behance.net/{}",
        "Foursquare": "https://foursquare.com/{}",
        "Gumroad": "https://www.gumroad.com/{}",
        "Newgrounds": "https://{}.newgrounds.com",
        "Wattpad": "https://www.wattpad.com/user/{}",
        "Canva": "https://www.canva.com/p/{}",
        "CreativeMarket": "https://creativemarket.com/{}",
        "Trakt": "https://trakt.tv/users/{}",
        "500px": "https://500px.com/{}",
        "BuzzFeed": "https://www.buzzfeed.com/{}",
        "TripAdvisor": "https://www.tripadvisor.com/members/{}",
        "HubPages": "https://hubpages.com/@{}",
        "Contently": "https://{}.contently.com",
        "Houzz": "https://www.houzz.com/user/{}",
        "Blip.fm": "https://blip.fm/{}",
        "HackerNews": "https://news.ycombinator.com/user?id={}",
        "Codecademy": "https://www.codecademy.com/profiles/{}",
        "Roblox": "https://www.roblox.com/user.aspx?username={}",
        "Scribd": "https://www.scribd.com/{}",
        "Signal": "https://signal.group/#C?username={}",
        "Slack": "https://{}.slack.com",
        "SlideShare": "https://www.slideshare.net/{}",
        "SourceForge": "https://sourceforge.net/u/{}",
        "Flickr": "https://www.flickr.com/people/{}",
        "IFTTT": "https://ifttt.com/p/{}",
        "Kaggle": "https://www.kaggle.com/{}",
        "Minecraft": "https://api.mojang.com/users/profiles/minecraft/{}",
        "Pastebin": "https://pastebin.com/u/{}",
        "ProductHunt": "https://www.producthunt.com/@{}",
        "ReverbNation": "https://www.reverbnation.com/{}",
        "Wix": "https://www.wix.com/website/{}",
        "Wordpress": "https://{}.wordpress.com",
        "Xbox": "https://account.xbox.com/en-us/profile?gamertag={}",
        "Wikipedia": "https://en.wikipedia.org/wiki/User:{}",
        "Blogger": "https://{}.blogspot.com",
        "Ebay": "https://www.ebay.com/usr/{}",
        "Slack": "https://{}.slack.com"
    }
}