[
    {
        "atomic_number": 1,
        "symbol": "H",
        "name": "Hydrogen",
        "atomic_weight": 1.008,
        "phase": "Gas",
        "melting_point_k": 13.99,
        "electronegativity": 2.2,
        "oxidation_states": [
            1,
            -1
        ],
        "isotopes": [
            {
                "name": "Protium",
                "mass_number": 1,
                "mass": 1.0078,
                "abundance": "99.98%",
                "stable": true
            },
            {
                "name": "Deuterium",
                "mass_number": 2,
                "mass": 2.0141,
                "abundance": "0.0115%",
                "stable": true
            },
            {
                "name": "Tritium",
                "mass_number": 3,
                "mass": 3.0160,
                "abundance": "Trace",
                "stable": false,
                "half_life": "12.32 years"
            }
        ]
    },
    {
        "atomic_number": 2,
        "symbol": "He",
        "name": "Helium",
        "atomic_weight": 4.0026,
        "phase": "Gas",
        "melting_point_k": 0.95
    },
    {
        "atomic_number": 3,
        "symbol": "Li",
        "name": "Lithium",
        "atomic_weight": 6.94,
        "phase": "Solid",
        "melting_point_k": 453.65
    },
    {
        "atomic_number": 4,
        "symbol": "Be",
        "name": "Beryllium",
        "atomic_weight": 9.0122,
        "phase": "Solid",
        "melting_point_k": 1560
    },
    {
        "atomic_number": 5,
        "symbol": "B",
        "name": "Boron",
        "atomic_weight": 10.81,
        "phase": "Solid",
        "melting_point_k": 2349
    },
    {
        "atomic_number": 6,
        "symbol": "C",
        "name": "Carbon",
        "atomic_weight": 12.011,
        "phase": "Solid",
        "melting_point_k": 3823,
        "electronegativity": 2.55,
        "oxidation_states": [
            4,
            2,
            -4
        ],
        "isotopes": [
            {
                "name": "Carbon-12",
                "mass_number": 12,
                "mass": 12.0000,
                "abundance": "98.93%",
                "stable": true
            },
            {
                "name": "Carbon-13",
                "mass_number": 13,
                "mass": 13.0033,
                "abundance": "1.07%",
                "stable": true
            },
            {
                "name": "Carbon-14",
                "mass_number": 14,
                "mass": 14.0032,
                "abundance": "Trace",
                "stable": false,
                "half_life": "5730 years"
            }
        ]
    },
    {
        "atomic_number": 7,
        "symbol": "N",
        "name": "Nitrogen",
        "atomic_weight": 14.007,
        "phase": "Gas",
        "melting_point_k": 63.15,
        "electronegativity": 3.04,
        "oxidation_states": [
            5,
            4,
            3,
            2,
            1,
            -1,
            -2,
            -3
        ]
    },
    {
        "atomic_number": 8,
        "symbol": "O",
        "name": "Oxygen",
        "atomic_weight": 15.999,
        "phase": "Gas",
        "melting_point_k": 54.36,
        "electronegativity": 3.44,
        "oxidation_states": [
            -2,
            -1
        ]
    },
    {
        "atomic_number": 9,
        "symbol": "F",
        "name": "Fluorine",
        "atomic_weight": 18.998,
        "phase": "Gas",
        "melting_point_k": 53.53
    },
    {
        "atomic_number": 10,
        "symbol": "Ne",
        "name": "Neon",
        "atomic_weight": 20.180,
        "phase": "Gas",
        "melting_point_k": 24.56
    },
    {
        "atomic_number": 11,
        "symbol": "Na",
        "name": "Sodium",
        "atomic_weight": 22.990,
        "phase": "Solid",
        "melting_point_k": 370.87,
        "electronegativity": 0.93,
        "oxidation_states": [
            1
        ]
    },
    {
        "atomic_number": 12,
        "symbol": "Mg",
        "name": "Magnesium",
        "atomic_weight": 24.305,
        "phase": "Solid",
        "melting_point_k": 923
    },
    {
        "atomic_number": 13,
        "symbol": "Al",
        "name": "Aluminium",
        "atomic_weight": 26.982,
        "phase": "Solid",
        "melting_point_k": 933.47
    },
    {
        "atomic_number": 14,
        "symbol": "Si",
        "name": "Silicon",
        "atomic_weight": 28.085,
        "phase": "Solid",
        "melting_point_k": 1687
    },
    {
        "atomic_number": 15,
        "symbol": "P",
        "name": "Phosphorus",
        "atomic_weight": 30.974,
        "phase": "Solid",
        "melting_point_k": 317.30
    },
    {
        "atomic_number": 16,
        "symbol": "S",
        "name": "Sulfur",
        "atomic_weight": 32.06,
        "phase": "Solid",
        "melting_point_k": 388.36
    },
    {
        "atomic_number": 17,
        "symbol": "Cl",
        "name": "Chlorine",
        "atomic_weight": 35.45,
        "phase": "Gas",
        "melting_point_k": 171.6,
        "electronegativity": 3.16,
        "oxidation_states": [
            7,
            5,
            3,
            1,
            -1
        ]
    },
    {
        "atomic_number": 18,
        "symbol": "Ar",
        "name": "Argon",
        "atomic_weight": 39.948,
        "phase": "Gas",
        "melting_point_k": 83.80
    },
    {
        "atomic_number": 19,
        "symbol": "K",
        "name": "Potassium",
        "atomic_weight": 39.098,
        "phase": "Solid",
        "melting_point_k": 336.53
    },
    {
        "atomic_number": 20,
        "symbol": "Ca",
        "name": "Calcium",
        "atomic_weight": 40.078,
        "phase": "Solid",
        "melting_point_k": 1115
    },
    {
        "atomic_number": 21,
        "symbol": "Sc",
        "name": "Scandium",
        "atomic_weight": 44.956,
        "phase": "Solid",
        "melting_point_k": 1814
    },
    {
        "atomic_number": 22,
        "symbol": "Ti",
        "name": "Titanium",
        "atomic_weight": 47.867,
        "phase": "Solid",
        "melting_point_k": 1941
    },
    {
        "atomic_number": 23,
        "symbol": "V",
        "name": "Vanadium",
        "atomic_weight": 50.942,
        "phase": "Solid",
        "melting_point_k": 2183
    },
    {
        "atomic_number": 24,
        "symbol": "Cr",
        "name": "Chromium",
        "atomic_weight": 51.996,
        "phase": "Solid",
        "melting_point_k": 2180
    },
    {
        "atomic_number": 25,
        "symbol": "Mn",
        "name": "Manganese",
        "atomic_weight": 54.938,
        "phase": "Solid",
        "melting_point_k": 1519
    },
    {
        "atomic_number": 26,
        "symbol": "Fe",
        "name": "Iron",
        "atomic_weight": 55.845,
        "phase": "Solid",
        "melting_point_k": 1811
    },
    {
        "atomic_number": 27,
        "symbol": "Co",
        "name": "Cobalt",
        "atomic_weight": 58.933,
        "phase": "Solid",
        "melting_point_k": 1768
    },
    {
        "atomic_number": 28,
        "symbol": "Ni",
        "name": "Nickel",
        "atomic_weight": 58.693,
        "phase": "Solid",
        "melting_point_k": 1728
    },
    {
        "atomic_number": 29,
        "symbol": "Cu",
        "name": "Copper",
        "atomic_weight": 63.546,
        "phase": "Solid",
        "melting_point_k": 1357.77
    },
    {
        "atomic_number": 30,
        "symbol": "Zn",
        "name": "Zinc",
        "atomic_weight": 65.38,
        "phase": "Solid",
        "melting_point_k": 692.68
    },
    {
        "atomic_number": 31,
        "symbol": "Ga",
        "name": "Gallium",
        "atomic_weight": 69.723,
        "phase": "Solid",
        "melting_point_k": 302.91
    },
    {
        "atomic_number": 32,
        "symbol": "Ge",
        "name": "Germanium",
        "atomic_weight": 72.63,
        "phase": "Solid",
        "melting_point_k": 1211.40
    },
    {
        "atomic_number": 33,
        "symbol": "As",
        "name": "Arsenic",
        "atomic_weight": 74.922,
        "phase": "Solid",
        "melting_point_k": 1090
    },
    {
        "atomic_number": 34,
        "symbol": "Se",
        "name": "Selenium",
        "atomic_weight": 78.96,
        "phase": "Solid",
        "melting_point_k": 494
    },
    {
        "atomic_number": 35,
        "symbol": "Br",
        "name": "Bromine",
        "atomic_weight": 79.904,
        "phase": "Liquid",
        "melting_point_k": 265.8
    },
    {
        "atomic_number": 36,
        "symbol": "Kr",
        "name": "Krypton",
        "atomic_weight": 83.798,
        "phase": "Gas",
        "melting_point_k": 115.79
    },
    {
        "atomic_number": 37,
        "symbol": "Rb",
        "name": "Rubidium",
        "atomic_weight": 85.468,
        "phase": "Solid",
        "melting_point_k": 312.46
    },
    {
        "atomic_number": 38,
        "symbol": "Sr",
        "name": "Strontium",
        "atomic_weight": 87.62,
        "phase": "Solid",
        "melting_point_k": 1050
    },
    {
        "atomic_number": 39,
        "symbol": "Y",
        "name": "Yttrium",
        "atomic_weight": 88.906,
        "phase": "Solid",
        "melting_point_k": 1799
    },
    {
        "atomic_number": 40,
        "symbol": "Zr",
        "name": "Zirconium",
        "atomic_weight": 91.224,
        "phase": "Solid",
        "melting_point_k": 2128
    },
    {
        "atomic_number": 41,
        "symbol": "Nb",
        "name": "Niobium",
        "atomic_weight": 92.906,
        "phase": "Solid",
        "melting_point_k": 2750
    },
    {
        "atomic_number": 42,
        "symbol": "Mo",
        "name": "Molybdenum",
        "atomic_weight": 95.96,
        "phase": "Solid",
        "melting_point_k": 2896
    },
    {
        "atomic_number": 43,
        "symbol": "Tc",
        "name": "Technetium",
        "atomic_weight": 98,
        "phase": "Solid",
        "melting_point_k": 2430
    },
    {
        "atomic_number": 44,
        "symbol": "Ru",
        "name": "Ruthenium",
        "atomic_weight": 101.07,
        "phase": "Solid",
        "melting_point_k": 2607
    },
    {
        "atomic_number": 45,
        "symbol": "Rh",
        "name": "Rhodium",
        "atomic_weight": 102.91,
        "phase": "Solid",
        "melting_point_k": 2237
    },
    {
        "atomic_number": 46,
        "symbol": "Pd",
        "name": "Palladium",
        "atomic_weight": 106.42,
        "phase": "Solid",
        "melting_point_k": 1828.05
    },
    {
        "atomic_number": 47,
        "symbol": "Ag",
        "name": "Silver",
        "atomic_weight": 107.87,
        "phase": "Solid",
        "melting_point_k": 1234.93
    },
    {
        "atomic_number": 48,
        "symbol": "Cd",
        "name": "Cadmium",
        "atomic_weight": 112.41,
        "phase": "Solid",
        "melting_point_k": 594.22
    },
    {
        "atomic_number": 49,
        "symbol": "In",
        "name": "Indium",
        "atomic_weight": 114.82,
        "phase": "Solid",
        "melting_point_k": 429.75
    },
    {
        "atomic_number": 50,
        "symbol": "Sn",
        "name": "Tin",
        "atomic_weight": 118.71,
        "phase": "Solid",
        "melting_point_k": 505.08
    },
    {
        "atomic_number": 51,
        "symbol": "Sb",
        "name": "Antimony",
        "atomic_weight": 121.76,
        "phase": "Solid",
        "melting_point_k": 903.78
    },
    {
        "atomic_number": 52,
        "symbol": "Te",
        "name": "Tellurium",
        "atomic_weight": 127.60,
        "phase": "Solid",
        "melting_point_k": 722.66
    },
    {
        "atomic_number": 53,
        "symbol": "I",
        "name": "Iodine",
        "atomic_weight": 126.90,
        "phase": "Solid",
        "melting_point_k": 386.85
    },
    {
        "atomic_number": 54,
        "symbol": "Xe",
        "name": "Xenon",
        "atomic_weight": 131.29,
        "phase": "Gas",
        "melting_point_k": 161.4
    },
    {
        "atomic_number": 55,
        "symbol": "Cs",
        "name": "Cesium",
        "atomic_weight": 132.91,
        "phase": "Solid",
        "melting_point_k": 301.59
    },
    {
        "atomic_number": 56,
        "symbol": "Ba",
        "name": "Barium",
        "atomic_weight": 137.33,
        "phase": "Solid",
        "melting_point_k": 1000
    },
    {
        "atomic_number": 57,
        "symbol": "La",
        "name": "Lanthanum",
        "atomic_weight": 138.91,
        "phase": "Solid",
        "melting_point_k": 1193
    },
    {
        "atomic_number": 58,
        "symbol": "Ce",
        "name": "Cerium",
        "atomic_weight": 140.12,
        "phase": "Solid",
        "melting_point_k": 1068
    },
    {
        "atomic_number": 59,
        "symbol": "Pr",
        "name": "Praseodymium",
        "atomic_weight": 140.91,
        "phase": "Solid",
        "melting_point_k": 1208
    },
    {
        "atomic_number": 60,
        "symbol": "Nd",
        "name": "Neodymium",
        "atomic_weight": 144.24,
        "phase": "Solid",
        "melting_point_k": 1297
    },
    {
        "atomic_number": 61,
        "symbol": "Pm",
        "name": "Promethium",
        "atomic_weight": 145,
        "phase": "Solid",
        "melting_point_k": 1315
    },
    {
        "atomic_number": 62,
        "symbol": "Sm",
        "name": "Samarium",
        "atomic_weight": 150.36,
        "phase": "Solid",
        "melting_point_k": 1345
    },
    {
        "atomic_number": 63,
        "symbol": "Eu",
        "name": "Europium",
        "atomic_weight": 151.96,
        "phase": "Solid",
        "melting_point_k": 1099
    },
    {
        "atomic_number": 64,
        "symbol": "Gd",
        "name": "Gadolinium",
        "atomic_weight": 157.25,
        "phase": "Solid",
        "melting_point_k": 1585
    },
    {
        "atomic_number": 65,
        "symbol": "Tb",
        "name": "Terbium",
        "atomic_weight": 158.93,
        "phase": "Solid",
        "melting_point_k": 1629
    },
    {
        "atomic_number": 66,
        "symbol": "Dy",
        "name": "Dysprosium",
        "atomic_weight": 162.50,
        "phase": "Solid",
        "melting_point_k": 1680
    },
    {
        "atomic_number": 67,
        "symbol": "Ho",
        "name": "Holmium",
        "atomic_weight": 164.93,
        "phase": "Solid",
        "melting_point_k": 1734
    },
    {
        "atomic_number": 68,
        "symbol": "Er",
        "name": "Erbium",
        "atomic_weight": 167.26,
        "phase": "Solid",
        "melting_point_k": 1802
    },
    {
        "atomic_number": 69,
        "symbol": "Tm",
        "name": "Thulium",
        "atomic_weight": 168.93,
        "phase": "Solid",
        "melting_point_k": 1818
    },
    {
        "atomic_number": 70,
        "symbol": "Yb",
        "name": "Ytterbium",
        "atomic_weight": 173.05,
        "phase": "Solid",
        "melting_point_k": 1097
    },
    {
        "atomic_number": 71,
        "symbol": "Lu",
        "name": "Lutetium",
        "atomic_weight": 174.97,
        "phase": "Solid",
        "melting_point_k": 1925
    },
    {
        "atomic_number": 72,
        "symbol": "Hf",
        "name": "Hafnium",
        "atomic_weight": 178.49,
        "phase": "Solid",
        "melting_point_k": 2506
    },
    {
        "atomic_number": 73,
        "symbol": "Ta",
        "name": "Tantalum",
        "atomic_weight": 180.95,
        "phase": "Solid",
        "melting_point_k": 3290
    },
    {
        "atomic_number": 74,
        "symbol": "W",
        "name": "Tungsten",
        "atomic_weight": 183.84,
        "phase": "Solid",
        "melting_point_k": 3695
    },
    {
        "atomic_number": 75,
        "symbol": "Re",
        "name": "Rhenium",
        "atomic_weight": 186.21,
        "phase": "Solid",
        "melting_point_k": 3459
    },
    {
        "atomic_number": 76,
        "symbol": "Os",
        "name": "Osmium",
        "atomic_weight": 190.23,
        "phase": "Solid",
        "melting_point_k": 3306
    },
    {
        "atomic_number": 77,
        "symbol": "Ir",
        "name": "Iridium",
        "atomic_weight": 192.22,
        "phase": "Solid",
        "melting_point_k": 2719
    },
    {
        "atomic_number": 78,
        "symbol": "Pt",
        "name": "Platinum",
        "atomic_weight": 195.08,
        "phase": "Solid",
        "melting_point_k": 2041.4
    },
    {
        "atomic_number": 79,
        "symbol": "Au",
        "name": "Gold",
        "atomic_weight": 196.97,
        "phase": "Solid",
        "melting_point_k": 1337.33
    },
    {
        "atomic_number": 80,
        "symbol": "Hg",
        "name": "Mercury",
        "atomic_weight": 200.59,
        "phase": "Liquid",
        "melting_point_k": 234.32
    },
    {
        "atomic_number": 81,
        "symbol": "Tl",
        "name": "Thallium",
        "atomic_weight": 204.38,
        "phase": "Solid",
        "melting_point_k": 577
    },
    {
        "atomic_number": 82,
        "symbol": "Pb",
        "name": "Lead",
        "atomic_weight": 207.2,
        "phase": "Solid",
        "melting_point_k": 600.61
    },
    {
        "atomic_number": 83,
        "symbol": "Bi",
        "name": "Bismuth",
        "atomic_weight": 208.98,
        "phase": "Solid",
        "melting_point_k": 544.7
    },
    {
        "atomic_number": 84,
        "symbol": "Po",
        "name": "Polonium",
        "atomic_weight": 209,
        "phase": "Solid",
        "melting_point_k": 527
    },
    {
        "atomic_number": 85,
        "symbol": "At",
        "name": "Astatine",
        "atomic_weight": 210,
        "phase": "Solid",
        "melting_point_k": 575
    },
    {
        "atomic_number": 86,
        "symbol": "Rn",
        "name": "Radon",
        "atomic_weight": 222,
        "phase": "Gas",
        "melting_point_k": 202
    },
    {
        "atomic_number": 87,
        "symbol": "Fr",
        "name": "Francium",
        "atomic_weight": 223,
        "phase": "Solid",
        "melting_point_k": 300
    },
    {
        "atomic_number": 88,
        "symbol": "Ra",
        "name": "Radium",
        "atomic_weight": 226,
        "phase": "Solid",
        "melting_point_k": 973
    },
    {
        "atomic_number": 89,
        "symbol": "Ac",
        "name": "Actinium",
        "atomic_weight": 227,
        "phase": "Solid",
        "melting_point_k": 1323
    },
    {
        "atomic_number": 90,
        "symbol": "Th",
        "name": "Thorium",
        "atomic_weight": 232.04,
        "phase": "Solid",
        "melting_point_k": 2115
    },
    {
        "atomic_number": 91,
        "symbol": "Pa",
        "name": "Protactinium",
        "atomic_weight": 231.04,
        "phase": "Solid",
        "melting_point_k": 1841
    },
    {
        "atomic_number": 92,
        "symbol": "U",
        "name": "Uranium",
        "atomic_weight": 238.03,
        "phase": "Solid",
        "melting_point_k": 1405.3,
        "isotopes": [
            {
                "name": "Uranium-234",
                "mass_number": 234,
                "mass": 234.0409,
                "abundance": "0.005%",
                "stable": false,
                "half_life": "245,500 years"
            },
            {
                "name": "Uranium-235",
                "mass_number": 235,
                "mass": 235.0439,
                "abundance": "0.72%",
                "stable": false,
                "half_life": "703.8 million years"
            },
            {
                "name": "Uranium-238",
                "mass_number": 238,
                "mass": 238.0507,
                "abundance": "99.274%",
                "stable": false,
                "half_life": "4.468 billion years"
            }
        ]
    },
    {
        "atomic_number": 93,
        "symbol": "Np",
        "name": "Neptunium",
        "atomic_weight": 237,
        "phase": "Solid",
        "melting_point_k": 917
    },
    {
        "atomic_number": 94,
        "symbol": "Pu",
        "name": "Plutonium",
        "atomic_weight": 244,
        "phase": "Solid",
        "melting_point_k": 912.5
    },
    {
        "atomic_number": 95,
        "symbol": "Am",
        "name": "Americium",
        "atomic_weight": 243,
        "phase": "Solid",
        "melting_point_k": 1449
    },
    {
        "atomic_number": 96,
        "symbol": "Cm",
        "name": "Curium",
        "atomic_weight": 247,
        "phase": "Solid",
        "melting_point_k": 1613
    },
    {
        "atomic_number": 97,
        "symbol": "Bk",
        "name": "Berkelium",
        "atomic_weight": 247,
        "phase": "Solid",
        "melting_point_k": 1259
    },
    {
        "atomic_number": 98,
        "symbol": "Cf",
        "name": "Californium",
        "atomic_weight": 251,
        "phase": "Solid",
        "melting_point_k": 1173
    },
    {
        "atomic_number": 99,
        "symbol": "Es",
        "name": "Einsteinium",
        "atomic_weight": 252,
        "phase": "Solid",
        "melting_point_k": 1133
    },
    {
        "atomic_number": 100,
        "symbol": "Fm",
        "name": "Fermium",
        "atomic_weight": 257,
        "phase": "Solid",
        "melting_point_k": 1800
    },
    {
        "atomic_number": 101,
        "symbol": "Md",
        "name": "Mendelevium",
        "atomic_weight": 258,
        "phase": "Solid",
        "melting_point_k": 1100
    },
    {
        "atomic_number": 102,
        "symbol": "No",
        "name": "Nobelium",
        "atomic_weight": 259,
        "phase": "Solid",
        "melting_point_k": 1100
    },
    {
        "atomic_number": 103,
        "symbol": "Lr",
        "name": "Lawrencium",
        "atomic_weight": 266,
        "phase": "Solid",
        "melting_point_k": 1900
    },
    {
        "atomic_number": 104,
        "symbol": "Rf",
        "name": "Rutherfordium",
        "atomic_weight": 267,
        "phase": "Solid",
        "melting_point_k": "Unknown"
    },
    {
        "atomic_number": 105,
        "symbol": "Db",
        "name": "Dubnium",
        "atomic_weight": 268,
        "phase": "Solid",
        "melting_point_k": "Unknown"
    },
    {
        "atomic_number": 106,
        "symbol": "Sg",
        "name": "Seaborgium",
        "atomic_weight": 269,
        "phase": "Solid",
        "melting_point_k": "Unknown"
    },
    {
        "atomic_number": 107,
        "symbol": "Bh",
        "name": "Bohrium",
        "atomic_weight": 270,
        "phase": "Solid",
        "melting_point_k": "Unknown"
    },
    {
        "atomic_number": 108,
        "symbol": "Hs",
        "name": "Hassium",
        "atomic_weight": 269,
        "phase": "Solid",
        "melting_point_k": "Unknown"
    },
    {
        "atomic_number": 109,
        "symbol": "Mt",
        "name": "Meitnerium",
        "atomic_weight": 278,
        "phase": "Solid",
        "melting_point_k": "Unknown"
    },
    {
        "atomic_number": 110,
        "symbol": "Ds",
        "name": "Darmstadtium",
        "atomic_weight": 281,
        "phase": "Solid",
        "melting_point_k": "Unknown"
    },
    {
        "atomic_number": 111,
        "symbol": "Rg",
        "name": "Roentgenium",
        "atomic_weight": 282,
        "phase": "Solid",
        "melting_point_k": "Unknown"
    },
    {
        "atomic_number": 112,
        "symbol": "Cn",
        "name": "Copernicium",
        "atomic_weight": 285,
        "phase": "Liquid",
        "melting_point_k": "Unknown"
    },
    {
        "atomic_number": 113,
        "symbol": "Nh",
        "name": "Nihonium",
        "atomic_weight": 286,
        "phase": "Unknown",
        "melting_point_k": "Unknown"
    },
    {
        "atomic_number": 114,
        "symbol": "Fl",
        "name": "Flerovium",
        "atomic_weight": 289,
        "phase": "Unknown",
        "melting_point_k": "Unknown"
    },
    {
        "atomic_number": 115,
        "symbol": "Mc",
        "name": "Moscovium",
        "atomic_weight": 290,
        "phase": "Unknown",
        "melting_point_k": "Unknown"
    },
    {
        "atomic_number": 116,
        "symbol": "Lv",
        "name": "Livermorium",
        "atomic_weight": 293,
        "phase": "Unknown",
        "melting_point_k": "Unknown"
    },
    {
        "atomic_number": 117,
        "symbol": "Ts",
        "name": "Tennessine",
        "atomic_weight": 294,
        "phase": "Unknown",
        "melting_point_k": "Unknown"
    },
    {
        "atomic_number": 118,
        "symbol": "Og",
        "name": "Oganesson",
        "atomic_weight": 294,
        "phase": "Unknown",
        "melting_point_k": "Unknown"
    }
]